State,Year,Deaths,Population,Age Adjusted Rate,aar_unreliable,code
Alabama,1999.0,169.0,4430141.0,3.8,0,AL
Alabama,2000.0,197.0,4447100.0,4.5,0,AL
Alabama,2001.0,216.0,4467634.0,4.9,0,AL
Alabama,2002.0,211.0,4480089.0,4.8,0,AL
Alabama,2003.0,197.0,4503491.0,4.4,0,AL
Alabama,2004.0,283.0,4530729.0,6.3,0,AL
Alabama,2005.0,283.0,4569805.0,6.3,0,AL
Alabama,2006.0,398.0,4628981.0,8.7,0,AL
Alabama,2007.0,511.0,4672840.0,11.1,0,AL
Alabama,2008.0,607.0,4718206.0,13.0,0,AL
Alabama,2009.0,630.0,4757938.0,13.6,0,AL
Alabama,2010.0,547.0,4779736.0,11.8,0,AL
Alabama,2011.0,552.0,4801108.0,11.8,0,AL
Alabama,2012.0,562.0,4816089.0,12.0,0,AL
Alabama,2013.0,598.0,4830533.0,12.7,0,AL
Alabama,2014.0,723.0,4846411.0,15.2,0,AL
Alabama,2015.0,736.0,4858979.0,15.6,0,AL
Alaska,1999.0,46.0,624779.0,7.5,0,AK
Alaska,2000.0,48.0,626932.0,7.1,0,AK
Alaska,2001.0,62.0,633714.0,9.4,0,AK
Alaska,2002.0,84.0,642337.0,12.2,0,AK
Alaska,2003.0,83.0,648414.0,12.7,0,AK
Alaska,2004.0,86.0,659286.0,12.7,0,AK
Alaska,2005.0,79.0,666946.0,11.4,0,AK
Alaska,2006.0,76.0,675302.0,11.1,0,AK
Alaska,2007.0,72.0,680300.0,10.1,0,AK
Alaska,2008.0,127.0,687455.0,18.1,0,AK
Alaska,2009.0,131.0,698895.0,17.8,0,AK
Alaska,2010.0,83.0,710231.0,11.6,0,AK
Alaska,2011.0,107.0,722720.0,14.3,0,AK
Alaska,2012.0,129.0,731228.0,17.5,0,AK
Alaska,2013.0,105.0,737442.0,14.3,0,AK
Alaska,2014.0,124.0,737046.0,16.8,0,AK
Alaska,2015.0,122.0,738432.0,16.0,0,AK
Arizona,1999.0,511.0,5023823.0,10.5,0,AZ
Arizona,2000.0,522.0,5130632.0,10.6,0,AZ
Arizona,2001.0,552.0,5273477.0,10.9,0,AZ
Arizona,2002.0,624.0,5396255.0,12.0,0,AZ
Arizona,2003.0,674.0,5510364.0,12.7,0,AZ
Arizona,2004.0,744.0,5652404.0,13.7,0,AZ
Arizona,2005.0,794.0,5839077.0,14.1,0,AZ
Arizona,2006.0,876.0,6029141.0,14.9,0,AZ
Arizona,2007.0,943.0,6167681.0,15.7,0,AZ
Arizona,2008.0,828.0,6280362.0,13.5,0,AZ
Arizona,2009.0,1002.0,6343154.0,16.1,0,AZ
Arizona,2010.0,1098.0,6392017.0,17.5,0,AZ
Arizona,2011.0,1071.0,6468732.0,16.9,0,AZ
Arizona,2012.0,1134.0,6553262.0,17.7,0,AZ
Arizona,2013.0,1222.0,6630799.0,18.7,0,AZ
Arizona,2014.0,1211.0,6728783.0,18.2,0,AZ
Arizona,2015.0,1274.0,6828065.0,19.0,0,AZ
Arkansas,1999.0,113.0,2651860.0,4.4,0,AR
Arkansas,2000.0,140.0,2673400.0,5.4,0,AR
Arkansas,2001.0,126.0,2691571.0,4.8,0,AR
Arkansas,2002.0,176.0,2705927.0,6.8,0,AR
Arkansas,2003.0,184.0,2724816.0,7.0,0,AR
Arkansas,2004.0,230.0,2749686.0,8.6,0,AR
Arkansas,2005.0,269.0,2781097.0,10.1,0,AR
Arkansas,2006.0,285.0,2821761.0,10.5,0,AR
Arkansas,2007.0,301.0,2848650.0,10.9,0,AR
Arkansas,2008.0,360.0,2874554.0,13.1,0,AR
Arkansas,2009.0,351.0,2896843.0,12.6,0,AR
Arkansas,2010.0,350.0,2915918.0,12.5,0,AR
Arkansas,2011.0,355.0,2938538.0,12.6,0,AR
Arkansas,2012.0,373.0,2949499.0,13.1,0,AR
Arkansas,2013.0,319.0,2957957.0,11.1,0,AR
Arkansas,2014.0,356.0,2966835.0,12.6,0,AR
Arkansas,2015.0,392.0,2978204.0,13.8,0,AR
California,1999.0,2662.0,33499204.0,8.1,0,CA
California,2000.0,1941.0,33871648.0,5.8,0,CA
California,2001.0,1226.0,34479458.0,3.6,0,CA
California,2002.0,2975.0,34871843.0,8.7,0,CA
California,2003.0,3108.0,35253159.0,8.9,0,CA
California,2004.0,3125.0,35574576.0,8.8,0,CA
California,2005.0,3214.0,35827943.0,9.0,0,CA
California,2006.0,3494.0,36021202.0,9.6,0,CA
California,2007.0,3854.0,36250311.0,10.5,0,CA
California,2008.0,3863.0,36604337.0,10.4,0,CA
California,2009.0,4056.0,36961229.0,10.7,0,CA
California,2010.0,4057.0,37253956.0,10.6,0,CA
California,2011.0,4180.0,37700034.0,10.7,0,CA
California,2012.0,4040.0,38056055.0,10.2,0,CA
California,2013.0,4452.0,38414128.0,11.1,0,CA
California,2014.0,4521.0,38792291.0,11.1,0,CA
California,2015.0,4659.0,39144818.0,11.3,0,CA
Colorado,1999.0,349.0,4226018.0,8.0,0,CO
Colorado,2000.0,352.0,4301261.0,7.9,0,CO
Colorado,2001.0,411.0,4425687.0,9.0,0,CO
Colorado,2002.0,448.0,4490406.0,9.7,0,CO
Colorado,2003.0,502.0,4528732.0,10.7,0,CO
Colorado,2004.0,518.0,4575013.0,10.9,0,CO
Colorado,2005.0,608.0,4631888.0,12.7,0,CO
Colorado,2006.0,627.0,4720423.0,12.8,0,CO
Colorado,2007.0,734.0,4803868.0,14.7,0,CO
Colorado,2008.0,749.0,4889730.0,14.8,0,CO
Colorado,2009.0,769.0,4972195.0,15.0,0,CO
Colorado,2010.0,654.0,5029196.0,12.7,0,CO
Colorado,2011.0,843.0,5119480.0,16.1,0,CO
Colorado,2012.0,807.0,5191731.0,15.0,0,CO
Colorado,2013.0,846.0,5271132.0,15.5,0,CO
Colorado,2014.0,899.0,5355588.0,16.3,0,CO
Colorado,2015.0,869.0,5456574.0,15.4,0,CO
Connecticut,1999.0,310.0,3386401.0,9.0,0,CT
Connecticut,2000.0,320.0,3405565.0,9.2,0,CT
Connecticut,2001.0,307.0,3432835.0,8.8,0,CT
Connecticut,2002.0,354.0,3458749.0,10.3,0,CT
Connecticut,2003.0,307.0,3484336.0,8.8,0,CT
Connecticut,2004.0,333.0,3496094.0,9.6,0,CT
Connecticut,2005.0,295.0,3506956.0,8.5,0,CT
Connecticut,2006.0,407.0,3517460.0,11.5,0,CT
Connecticut,2007.0,433.0,3527270.0,12.2,0,CT
Connecticut,2008.0,386.0,3545579.0,10.7,0,CT
Connecticut,2009.0,393.0,3561807.0,11.0,0,CT
Connecticut,2010.0,363.0,3574097.0,10.1,0,CT
Connecticut,2011.0,402.0,3589759.0,11.2,0,CT
Connecticut,2012.0,439.0,3593541.0,12.0,0,CT
Connecticut,2013.0,582.0,3597168.0,16.0,0,CT
Connecticut,2014.0,623.0,3594762.0,17.6,0,CT
Connecticut,2015.0,800.0,3590886.0,22.1,0,CT
Delaware,1999.0,50.0,774990.0,6.4,0,DE
Delaware,2000.0,55.0,783600.0,7.0,0,DE
Delaware,2001.0,64.0,795699.0,8.0,0,DE
Delaware,2002.0,84.0,806169.0,10.5,0,DE
Delaware,2003.0,77.0,818003.0,9.4,0,DE
Delaware,2004.0,63.0,830803.0,7.6,0,DE
Delaware,2005.0,62.0,845150.0,7.5,0,DE
Delaware,2006.0,78.0,859268.0,9.4,0,DE
Delaware,2007.0,97.0,871749.0,11.4,0,DE
Delaware,2008.0,124.0,883874.0,14.3,0,DE
Delaware,2009.0,136.0,891730.0,15.4,0,DE
Delaware,2010.0,145.0,897934.0,16.6,0,DE
Delaware,2011.0,160.0,907916.0,17.6,0,DE
Delaware,2012.0,141.0,917099.0,15.2,0,DE
Delaware,2013.0,166.0,925353.0,18.7,0,DE
Delaware,2014.0,189.0,935968.0,20.9,0,DE
Delaware,2015.0,198.0,945934.0,22.0,0,DE
District of Columbia,1999.0,48.0,570213.0,8.3,0,DC
District of Columbia,2000.0,76.0,572059.0,13.4,0,DC
District of Columbia,2001.0,93.0,574504.0,16.2,0,DC
District of Columbia,2002.0,61.0,573158.0,10.9,0,DC
District of Columbia,2003.0,103.0,568502.0,18.1,0,DC
District of Columbia,2004.0,87.0,567754.0,15.5,0,DC
District of Columbia,2005.0,77.0,567136.0,13.6,0,DC
District of Columbia,2006.0,101.0,570681.0,17.8,0,DC
District of Columbia,2007.0,61.0,574404.0,10.8,0,DC
District of Columbia,2008.0,56.0,580236.0,9.6,0,DC
District of Columbia,2009.0,26.0,592228.0,4.1,0,DC
District of Columbia,2010.0,78.0,601723.0,13.0,0,DC
District of Columbia,2011.0,86.0,620472.0,13.4,0,DC
District of Columbia,2012.0,77.0,635342.0,12.4,0,DC
District of Columbia,2013.0,102.0,649540.0,14.9,0,DC
District of Columbia,2014.0,96.0,659836.0,14.2,0,DC
District of Columbia,2015.0,125.0,672228.0,18.5,0,DC
Florida,1999.0,997.0,15759421.0,6.4,0,FL
Florida,2000.0,1159.0,15982378.0,7.4,0,FL
Florida,2001.0,1746.0,16356966.0,10.9,0,FL
Florida,2002.0,1927.0,16689370.0,11.8,0,FL
Florida,2003.0,2054.0,17004085.0,12.4,0,FL
Florida,2004.0,2264.0,17415318.0,13.2,0,FL
Florida,2005.0,2371.0,17842038.0,13.6,0,FL
Florida,2006.0,2591.0,18166990.0,14.4,0,FL
Florida,2007.0,2794.0,18367842.0,15.4,0,FL
Florida,2008.0,2963.0,18527305.0,16.2,0,FL
Florida,2009.0,3092.0,18652644.0,16.7,0,FL
Florida,2010.0,3061.0,18801310.0,16.4,0,FL
Florida,2011.0,2918.0,19105533.0,15.3,0,FL
Florida,2012.0,2597.0,19352021.0,13.2,0,FL
Florida,2013.0,2474.0,19594467.0,12.5,0,FL
Florida,2014.0,2634.0,19905569.0,13.2,0,FL
Florida,2015.0,3228.0,20271272.0,16.2,0,FL
Georgia,1999.0,283.0,8045965.0,3.5,0,GA
Georgia,2000.0,364.0,8186453.0,4.4,0,GA
Georgia,2001.0,511.0,8377038.0,6.0,0,GA
Georgia,2002.0,563.0,8508256.0,6.5,0,GA
Georgia,2003.0,607.0,8622793.0,6.9,0,GA
Georgia,2004.0,666.0,8769252.0,7.5,0,GA
Georgia,2005.0,738.0,8925922.0,8.2,0,GA
Georgia,2006.0,830.0,9155813.0,8.9,0,GA
Georgia,2007.0,923.0,9349988.0,9.7,0,GA
Georgia,2008.0,935.0,9504843.0,9.7,0,GA
Georgia,2009.0,1007.0,9620846.0,10.3,0,GA
Georgia,2010.0,1054.0,9687653.0,10.7,0,GA
Georgia,2011.0,1058.0,9812280.0,10.7,0,GA
Georgia,2012.0,1056.0,9917639.0,10.6,0,GA
Georgia,2013.0,1098.0,9991562.0,10.8,0,GA
Georgia,2014.0,1206.0,10097132.0,11.9,0,GA
Georgia,2015.0,1302.0,10214860.0,12.7,0,GA
Hawaii,1999.0,80.0,1210300.0,6.5,0,HI
Hawaii,2000.0,63.0,1211537.0,5.2,0,HI
Hawaii,2001.0,77.0,1225948.0,6.2,0,HI
Hawaii,2002.0,77.0,1239613.0,6.1,0,HI
Hawaii,2003.0,92.0,1251154.0,7.1,0,HI
Hawaii,2004.0,103.0,1273569.0,8.0,0,HI
Hawaii,2005.0,126.0,1292729.0,9.4,0,HI
Hawaii,2006.0,86.0,1309731.0,6.4,0,HI
Hawaii,2007.0,136.0,1315675.0,10.0,0,HI
Hawaii,2008.0,123.0,1332213.0,9.0,0,HI
Hawaii,2009.0,136.0,1346717.0,9.6,0,HI
Hawaii,2010.0,151.0,1360301.0,10.9,0,HI
Hawaii,2011.0,180.0,1378227.0,12.4,0,HI
Hawaii,2012.0,155.0,1392641.0,11.0,0,HI
Hawaii,2013.0,158.0,1408765.0,11.0,0,HI
Hawaii,2014.0,157.0,1420257.0,10.8,0,HI
Hawaii,2015.0,169.0,1431603.0,11.3,0,HI
Idaho,1999.0,64.0,1275674.0,5.3,0,ID
Idaho,2000.0,64.0,1293953.0,5.1,0,ID
Idaho,2001.0,98.0,1319962.0,7.8,0,ID
Idaho,2002.0,117.0,1340372.0,9.1,0,ID
Idaho,2003.0,102.0,1363380.0,7.9,0,ID
Idaho,2004.0,98.0,1391802.0,7.4,0,ID
Idaho,2005.0,109.0,1428241.0,8.0,0,ID
Idaho,2006.0,130.0,1468669.0,9.3,0,ID
Idaho,2007.0,126.0,1505105.0,8.6,0,ID
Idaho,2008.0,146.0,1534320.0,9.8,0,ID
Idaho,2009.0,171.0,1554439.0,11.6,0,ID
Idaho,2010.0,178.0,1567582.0,11.8,0,ID
Idaho,2011.0,193.0,1584134.0,12.9,0,ID
Idaho,2012.0,181.0,1596097.0,11.9,0,ID
Idaho,2013.0,207.0,1612785.0,13.4,0,ID
Idaho,2014.0,212.0,1634806.0,13.7,0,ID
Idaho,2015.0,218.0,1654930.0,14.2,0,ID
Illinois,1999.0,825.0,12359020.0,6.7,0,IL
Illinois,2000.0,868.0,12419293.0,7.0,0,IL
Illinois,2001.0,892.0,12488445.0,7.1,0,IL
Illinois,2002.0,986.0,12525556.0,7.9,0,IL
Illinois,2003.0,847.0,12556006.0,6.8,0,IL
Illinois,2004.0,1035.0,12589773.0,8.3,0,IL
Illinois,2005.0,1067.0,12609903.0,8.4,0,IL
Illinois,2006.0,1369.0,12643955.0,10.9,0,IL
Illinois,2007.0,1192.0,12695866.0,9.4,0,IL
Illinois,2008.0,1353.0,12747038.0,10.6,0,IL
Illinois,2009.0,1381.0,12796778.0,10.8,0,IL
Illinois,2010.0,1288.0,12830632.0,10.0,0,IL
Illinois,2011.0,1408.0,12861882.0,10.9,0,IL
Illinois,2012.0,1628.0,12875167.0,12.5,0,IL
Illinois,2013.0,1579.0,12889580.0,12.1,0,IL
Illinois,2014.0,1705.0,12882189.0,13.1,0,IL
Illinois,2015.0,1835.0,12859995.0,14.1,0,IL
Indiana,1999.0,191.0,6044969.0,3.2,0,IN
Indiana,2000.0,214.0,6080485.0,3.5,0,IN
Indiana,2001.0,283.0,6127760.0,4.7,0,IN
Indiana,2002.0,293.0,6155967.0,4.8,0,IN
Indiana,2003.0,434.0,6196638.0,7.1,0,IN
Indiana,2004.0,542.0,6233007.0,8.8,0,IN
Indiana,2005.0,610.0,6278616.0,9.8,0,IN
Indiana,2006.0,736.0,6332669.0,11.8,0,IN
Indiana,2007.0,781.0,6379599.0,12.4,0,IN
Indiana,2008.0,830.0,6424806.0,13.2,0,IN
Indiana,2009.0,896.0,6459325.0,14.0,0,IN
Indiana,2010.0,927.0,6483802.0,14.4,0,IN
Indiana,2011.0,975.0,6516845.0,15.3,0,IN
Indiana,2012.0,1011.0,6538283.0,16.0,0,IN
Indiana,2013.0,1064.0,6570518.0,16.6,0,IN
Indiana,2014.0,1172.0,6597880.0,18.2,0,IN
Indiana,2015.0,1245.0,6619680.0,19.5,0,IN
Iowa,1999.0,53.0,2917634.0,1.9,0,IA
Iowa,2000.0,73.0,2926324.0,2.5,0,IA
Iowa,2001.0,87.0,2931997.0,3.0,0,IA
Iowa,2002.0,91.0,2934234.0,3.1,0,IA
Iowa,2003.0,96.0,2941999.0,3.4,0,IA
Iowa,2004.0,122.0,2953635.0,4.2,0,IA
Iowa,2005.0,141.0,2964454.0,4.9,0,IA
Iowa,2006.0,187.0,2982644.0,6.6,0,IA
Iowa,2007.0,203.0,2999212.0,6.9,0,IA
Iowa,2008.0,209.0,3016734.0,7.2,0,IA
Iowa,2009.0,207.0,3032870.0,7.1,0,IA
Iowa,2010.0,253.0,3046355.0,8.6,0,IA
Iowa,2011.0,250.0,3065389.0,8.4,0,IA
Iowa,2012.0,259.0,3076636.0,8.6,0,IA
Iowa,2013.0,275.0,3092224.0,9.3,0,IA
Iowa,2014.0,264.0,3109481.0,8.8,0,IA
Iowa,2015.0,309.0,3123899.0,10.3,0,IA
Kansas,1999.0,89.0,2678338.0,3.4,0,KS
Kansas,2000.0,103.0,2688418.0,4.0,0,KS
Kansas,2001.0,138.0,2702162.0,5.3,0,KS
Kansas,2002.0,170.0,2713535.0,6.5,0,KS
Kansas,2003.0,188.0,2723004.0,7.1,0,KS
Kansas,2004.0,224.0,2734373.0,8.5,0,KS
Kansas,2005.0,241.0,2745299.0,9.1,0,KS
Kansas,2006.0,257.0,2762931.0,9.5,0,KS
Kansas,2007.0,270.0,2783785.0,10.0,0,KS
Kansas,2008.0,219.0,2808076.0,8.0,0,KS
Kansas,2009.0,304.0,2832704.0,11.1,0,KS
Kansas,2010.0,269.0,2853118.0,9.6,0,KS
Kansas,2011.0,280.0,2869917.0,10.1,0,KS
Kansas,2012.0,318.0,2886281.0,11.5,0,KS
Kansas,2013.0,331.0,2894630.0,11.9,0,KS
Kansas,2014.0,332.0,2902507.0,11.8,0,KS
Kansas,2015.0,329.0,2911641.0,11.9,0,KS
Kentucky,1999.0,197.0,4018053.0,4.9,0,KY
Kentucky,2000.0,241.0,4041769.0,5.9,0,KY
Kentucky,2001.0,345.0,4068132.0,8.4,0,KY
Kentucky,2002.0,426.0,4089875.0,10.4,0,KY
Kentucky,2003.0,560.0,4117170.0,13.6,0,KY
Kentucky,2004.0,526.0,4146101.0,12.8,0,KY
Kentucky,2005.0,638.0,4182742.0,15.3,0,KY
Kentucky,2006.0,728.0,4219239.0,17.4,0,KY
Kentucky,2007.0,708.0,4256672.0,16.7,0,KY
Kentucky,2008.0,764.0,4289878.0,18.0,0,KY
Kentucky,2009.0,769.0,4317074.0,18.0,0,KY
Kentucky,2010.0,1007.0,4339367.0,23.6,0,KY
Kentucky,2011.0,1058.0,4367882.0,25.0,0,KY
Kentucky,2012.0,1078.0,4382667.0,24.9,0,KY
Kentucky,2013.0,1019.0,4398500.0,23.7,0,KY
Kentucky,2014.0,1077.0,4412617.0,24.8,0,KY
Kentucky,2015.0,1273.0,4425092.0,29.9,0,KY
Louisiana,1999.0,188.0,4460811.0,4.3,0,LA
Louisiana,2000.0,248.0,4468976.0,5.6,0,LA
Louisiana,2001.0,265.0,4477875.0,6.0,0,LA
Louisiana,2002.0,365.0,4497267.0,8.3,0,LA
Louisiana,2003.0,536.0,4521042.0,12.1,0,LA
Louisiana,2004.0,539.0,4552238.0,12.1,0,LA
Louisiana,2005.0,661.0,4576628.0,14.7,0,LA
Louisiana,2006.0,705.0,4302665.0,16.5,0,LA
Louisiana,2007.0,808.0,4375581.0,18.8,0,LA
Louisiana,2008.0,647.0,4435586.0,14.9,0,LA
Louisiana,2009.0,584.0,4491648.0,13.1,0,LA
Louisiana,2010.0,591.0,4533372.0,13.2,0,LA
Louisiana,2011.0,601.0,4575381.0,13.4,0,LA
Louisiana,2012.0,566.0,4603676.0,12.3,0,LA
Louisiana,2013.0,809.0,4627491.0,17.8,0,LA
Louisiana,2014.0,777.0,4648990.0,16.9,0,LA
Louisiana,2015.0,861.0,4670724.0,19.0,0,LA
Maine,1999.0,67.0,1266808.0,5.3,0,ME
Maine,2000.0,61.0,1274923.0,4.8,0,ME
Maine,2001.0,85.0,1285692.0,6.5,0,ME
Maine,2002.0,139.0,1295960.0,10.9,0,ME
Maine,2003.0,133.0,1306513.0,10.3,0,ME
Maine,2004.0,140.0,1313688.0,10.9,0,ME
Maine,2005.0,163.0,1318787.0,12.4,0,ME
Maine,2006.0,159.0,1323619.0,12.0,0,ME
Maine,2007.0,159.0,1327040.0,12.4,0,ME
Maine,2008.0,162.0,1330509.0,12.3,0,ME
Maine,2009.0,173.0,1329590.0,12.8,0,ME
Maine,2010.0,135.0,1328361.0,10.4,0,ME
Maine,2011.0,156.0,1328257.0,11.8,0,ME
Maine,2012.0,150.0,1328888.0,11.5,0,ME
Maine,2013.0,174.0,1328778.0,13.2,0,ME
Maine,2014.0,216.0,1330256.0,16.8,0,ME
Maine,2015.0,269.0,1329328.0,21.2,0,ME
Maryland,1999.0,629.0,5254509.0,11.4,0,MD
Maryland,2000.0,623.0,5296486.0,11.3,0,MD
Maryland,2001.0,639.0,5374691.0,11.5,0,MD
Maryland,2002.0,723.0,5440389.0,12.9,0,MD
Maryland,2003.0,779.0,5496269.0,13.8,0,MD
Maryland,2004.0,676.0,5546935.0,11.9,0,MD
Maryland,2005.0,656.0,5592379.0,11.4,0,MD
Maryland,2006.0,762.0,5627367.0,13.1,0,MD
Maryland,2007.0,769.0,5653408.0,13.2,0,MD
Maryland,2008.0,693.0,5684965.0,11.7,0,MD
Maryland,2009.0,743.0,5730388.0,12.4,0,MD
Maryland,2010.0,650.0,5773552.0,11.0,0,MD
Maryland,2011.0,707.0,5844171.0,11.7,0,MD
Maryland,2012.0,831.0,5890740.0,13.7,0,MD
Maryland,2013.0,892.0,5936040.0,14.6,0,MD
Maryland,2014.0,1070.0,5975346.0,17.4,0,MD
Maryland,2015.0,1285.0,6006401.0,20.9,0,MD
Massachusetts,1999.0,488.0,6317345.0,7.5,0,MA
Massachusetts,2000.0,463.0,6349097.0,7.1,0,MA
Massachusetts,2001.0,689.0,6397634.0,10.5,0,MA
Massachusetts,2002.0,705.0,6417206.0,10.7,0,MA
Massachusetts,2003.0,823.0,6422565.0,12.6,0,MA
Massachusetts,2004.0,669.0,6412281.0,10.3,0,MA
Massachusetts,2005.0,780.0,6403290.0,12.0,0,MA
Massachusetts,2006.0,970.0,6410084.0,14.7,0,MA
Massachusetts,2007.0,922.0,6431559.0,14.0,0,MA
Massachusetts,2008.0,786.0,6468967.0,11.9,0,MA
Massachusetts,2009.0,816.0,6517613.0,12.2,0,MA
Massachusetts,2010.0,738.0,6547629.0,11.0,0,MA
Massachusetts,2011.0,857.0,6611797.0,12.7,0,MA
Massachusetts,2012.0,859.0,6657780.0,12.7,0,MA
Massachusetts,2013.0,1081.0,6708810.0,16.0,0,MA
Massachusetts,2014.0,1289.0,6755124.0,19.0,0,MA
Massachusetts,2015.0,1724.0,6794422.0,25.7,0,MA
Michigan,1999.0,460.0,9897116.0,4.6,0,MI
Michigan,2000.0,561.0,9938444.0,5.6,0,MI
Michigan,2001.0,621.0,9991120.0,6.2,0,MI
Michigan,2002.0,751.0,10015710.0,7.5,0,MI
Michigan,2003.0,761.0,10041152.0,7.6,0,MI
Michigan,2004.0,867.0,10055315.0,8.7,0,MI
Michigan,2005.0,985.0,10051137.0,9.8,0,MI
Michigan,2006.0,1176.0,10036081.0,11.7,0,MI
Michigan,2007.0,1236.0,10001284.0,12.2,0,MI
Michigan,2008.0,1239.0,9946889.0,12.4,0,MI
Michigan,2009.0,1429.0,9901591.0,14.5,0,MI
Michigan,2010.0,1394.0,9883640.0,13.9,0,MI
Michigan,2011.0,1386.0,9876589.0,14.3,0,MI
Michigan,2012.0,1308.0,9886879.0,13.5,0,MI
Michigan,2013.0,1553.0,9900506.0,15.9,0,MI
Michigan,2014.0,1762.0,9916306.0,18.0,0,MI
Michigan,2015.0,1980.0,9922576.0,20.3,0,MI
Minnesota,1999.0,136.0,4873481.0,2.8,0,MN
Minnesota,2000.0,130.0,4919479.0,2.6,0,MN
Minnesota,2001.0,185.0,4982796.0,3.7,0,MN
Minnesota,2002.0,201.0,5018935.0,4.0,0,MN
Minnesota,2003.0,246.0,5053572.0,4.8,0,MN
Minnesota,2004.0,250.0,5087713.0,4.8,0,MN
Minnesota,2005.0,282.0,5119598.0,5.4,0,MN
Minnesota,2006.0,311.0,5163555.0,5.9,0,MN
Minnesota,2007.0,341.0,5207203.0,6.4,0,MN
Minnesota,2008.0,384.0,5247018.0,7.2,0,MN
Minnesota,2009.0,419.0,5281203.0,7.9,0,MN
Minnesota,2010.0,397.0,5303925.0,7.4,0,MN
Minnesota,2011.0,511.0,5348119.0,9.4,0,MN
Minnesota,2012.0,482.0,5380443.0,8.9,0,MN
Minnesota,2013.0,523.0,5420541.0,9.6,0,MN
Minnesota,2014.0,517.0,5457125.0,9.6,0,MN
Minnesota,2015.0,581.0,5489594.0,10.6,0,MN
Mississippi,1999.0,87.0,2828408.0,3.2,0,MS
Mississippi,2000.0,114.0,2844658.0,4.2,0,MS
Mississippi,2001.0,169.0,2852994.0,6.2,0,MS
Mississippi,2002.0,183.0,2858681.0,6.6,0,MS
Mississippi,2003.0,207.0,2868312.0,7.5,0,MS
Mississippi,2004.0,224.0,2889010.0,8.2,0,MS
Mississippi,2005.0,248.0,2905943.0,8.8,0,MS
Mississippi,2006.0,339.0,2904978.0,12.1,0,MS
Mississippi,2007.0,314.0,2928350.0,10.9,0,MS
Mississippi,2008.0,303.0,2947806.0,10.5,0,MS
Mississippi,2009.0,323.0,2958774.0,11.2,0,MS
Mississippi,2010.0,334.0,2967297.0,11.4,0,MS
Mississippi,2011.0,302.0,2977999.0,10.7,0,MS
Mississippi,2012.0,310.0,2985660.0,10.6,0,MS
Mississippi,2013.0,316.0,2990976.0,10.8,0,MS
Mississippi,2014.0,336.0,2993443.0,11.6,0,MS
Mississippi,2015.0,351.0,2992333.0,12.3,0,MS
Missouri,1999.0,276.0,5561948.0,5.0,0,MO
Missouri,2000.0,303.0,5595211.0,5.5,0,MO
Missouri,2001.0,351.0,5641142.0,6.3,0,MO
Missouri,2002.0,416.0,5674825.0,7.5,0,MO
Missouri,2003.0,522.0,5709403.0,9.3,0,MO
Missouri,2004.0,548.0,5747741.0,9.8,0,MO
Missouri,2005.0,608.0,5790300.0,10.7,0,MO
Missouri,2006.0,743.0,5842704.0,12.9,0,MO
Missouri,2007.0,714.0,5887612.0,12.2,0,MO
Missouri,2008.0,765.0,5923916.0,13.1,0,MO
Missouri,2009.0,863.0,5961088.0,14.6,0,MO
Missouri,2010.0,998.0,5988927.0,17.0,0,MO
Missouri,2011.0,963.0,6010587.0,16.4,0,MO
Missouri,2012.0,942.0,6025468.0,16.1,0,MO
Missouri,2013.0,1025.0,6043708.0,17.5,0,MO
Missouri,2014.0,1067.0,6063827.0,18.2,0,MO
Missouri,2015.0,1066.0,6083672.0,17.9,0,MO
Montana,1999.0,41.0,897507.0,4.6,0,MT
Montana,2000.0,41.0,902195.0,4.5,0,MT
Montana,2001.0,56.0,906961.0,6.2,0,MT
Montana,2002.0,78.0,911667.0,8.7,0,MT
Montana,2003.0,93.0,919630.0,10.5,0,MT
Montana,2004.0,98.0,930009.0,10.9,0,MT
Montana,2005.0,96.0,940102.0,10.1,0,MT
Montana,2006.0,97.0,952692.0,10.2,0,MT
Montana,2007.0,125.0,964706.0,12.8,0,MT
Montana,2008.0,134.0,976415.0,14.1,0,MT
Montana,2009.0,142.0,983982.0,14.7,0,MT
Montana,2010.0,118.0,989415.0,12.9,0,MT
Montana,2011.0,141.0,997746.0,14.4,0,MT
Montana,2012.0,118.0,1005157.0,11.9,0,MT
Montana,2013.0,137.0,1014402.0,14.5,0,MT
Montana,2014.0,125.0,1023252.0,12.4,0,MT
Montana,2015.0,138.0,1032949.0,13.8,0,MT
Nebraska,1999.0,39.0,1704764.0,2.3,0,NE
Nebraska,2000.0,46.0,1711263.0,2.7,0,NE
Nebraska,2001.0,66.0,1719836.0,3.9,0,NE
Nebraska,2002.0,66.0,1728292.0,3.9,0,NE
Nebraska,2003.0,55.0,1738643.0,3.2,0,NE
Nebraska,2004.0,59.0,1749370.0,3.6,0,NE
Nebraska,2005.0,86.0,1761497.0,5.0,0,NE
Nebraska,2006.0,91.0,1772693.0,5.4,0,NE
Nebraska,2007.0,80.0,1783440.0,4.8,0,NE
Nebraska,2008.0,94.0,1796378.0,5.5,0,NE
Nebraska,2009.0,106.0,1812683.0,5.9,0,NE
Nebraska,2010.0,117.0,1826341.0,6.7,0,NE
Nebraska,2011.0,129.0,1842383.0,7.1,0,NE
Nebraska,2012.0,146.0,1855973.0,7.9,0,NE
Nebraska,2013.0,117.0,1869300.0,6.5,0,NE
Nebraska,2014.0,125.0,1882980.0,7.2,0,NE
Nebraska,2015.0,126.0,1896190.0,6.9,0,NE
Nevada,1999.0,227.0,1934718.0,11.5,0,NV
Nevada,2000.0,273.0,1998257.0,13.7,0,NV
Nevada,2001.0,261.0,2098399.0,12.3,0,NV
Nevada,2002.0,323.0,2173791.0,14.7,0,NV
Nevada,2003.0,342.0,2248850.0,15.2,0,NV
Nevada,2004.0,380.0,2346222.0,16.0,0,NV
Nevada,2005.0,457.0,2432143.0,18.7,0,NV
Nevada,2006.0,461.0,2522658.0,18.0,0,NV
Nevada,2007.0,499.0,2601072.0,18.8,0,NV
Nevada,2008.0,519.0,2653630.0,19.2,0,NV
Nevada,2009.0,550.0,2684665.0,20.1,0,NV
Nevada,2010.0,578.0,2700551.0,20.7,0,NV
Nevada,2011.0,639.0,2718819.0,22.8,0,NV
Nevada,2012.0,602.0,2754874.0,20.9,0,NV
Nevada,2013.0,614.0,2790366.0,21.1,0,NV
Nevada,2014.0,545.0,2838281.0,18.4,0,NV
Nevada,2015.0,619.0,2890845.0,20.3,0,NV
New Hampshire,1999.0,54.0,1222014.0,4.3,0,NH
New Hampshire,2000.0,45.0,1235786.0,3.4,0,NH
New Hampshire,2001.0,79.0,1255517.0,6.1,0,NH
New Hampshire,2002.0,111.0,1269089.0,8.6,0,NH
New Hampshire,2003.0,127.0,1279840.0,9.5,0,NH
New Hampshire,2004.0,124.0,1290121.0,9.5,0,NH
New Hampshire,2005.0,142.0,1298492.0,10.7,0,NH
New Hampshire,2006.0,149.0,1308389.0,11.2,0,NH
New Hampshire,2007.0,186.0,1312540.0,13.8,0,NH
New Hampshire,2008.0,126.0,1315906.0,9.4,0,NH
New Hampshire,2009.0,168.0,1316102.0,12.5,0,NH
New Hampshire,2010.0,160.0,1316470.0,11.8,0,NH
New Hampshire,2011.0,210.0,1318344.0,15.3,0,NH
New Hampshire,2012.0,173.0,1321393.0,13.4,0,NH
New Hampshire,2013.0,203.0,1322660.0,15.1,0,NH
New Hampshire,2014.0,334.0,1327996.0,26.2,0,NH
New Hampshire,2015.0,422.0,1330608.0,34.3,0,NH
New Jersey,1999.0,557.0,8359592.0,6.5,0,NJ
New Jersey,2000.0,643.0,8414350.0,7.5,0,NJ
New Jersey,2001.0,705.0,8492671.0,8.1,0,NJ
New Jersey,2002.0,813.0,8552643.0,9.3,0,NJ
New Jersey,2003.0,721.0,8601402.0,8.3,0,NJ
New Jersey,2004.0,590.0,8634561.0,6.8,0,NJ
New Jersey,2005.0,823.0,8651974.0,9.4,0,NJ
New Jersey,2006.0,847.0,8661679.0,9.7,0,NJ
New Jersey,2007.0,727.0,8677885.0,8.4,0,NJ
New Jersey,2008.0,702.0,8711090.0,8.0,0,NJ
New Jersey,2009.0,263.0,8755602.0,3.0,0,NJ
New Jersey,2010.0,868.0,8791894.0,9.8,0,NJ
New Jersey,2011.0,1012.0,8842934.0,11.3,0,NJ
New Jersey,2012.0,1222.0,8874893.0,13.7,0,NJ
New Jersey,2013.0,1294.0,8907384.0,14.4,0,NJ
New Jersey,2014.0,1253.0,8938844.0,14.0,0,NJ
New Jersey,2015.0,1454.0,8958013.0,16.3,0,NJ
New Mexico,1999.0,266.0,1808082.0,15.0,0,NM
New Mexico,2000.0,271.0,1819046.0,15.2,0,NM
New Mexico,2001.0,258.0,1831690.0,14.4,0,NM
New Mexico,2002.0,287.0,1855309.0,16.1,0,NM
New Mexico,2003.0,358.0,1877574.0,19.7,0,NM
New Mexico,2004.0,314.0,1903808.0,16.9,0,NM
New Mexico,2005.0,373.0,1932274.0,20.1,0,NM
New Mexico,2006.0,418.0,1962137.0,21.7,0,NM
New Mexico,2007.0,462.0,1990070.0,23.4,0,NM
New Mexico,2008.0,518.0,2010662.0,26.7,0,NM
New Mexico,2009.0,438.0,2036802.0,22.0,0,NM
New Mexico,2010.0,478.0,2059179.0,23.8,0,NM
New Mexico,2011.0,529.0,2078226.0,26.3,0,NM
New Mexico,2012.0,492.0,2084792.0,24.7,0,NM
New Mexico,2013.0,458.0,2086890.0,22.6,0,NM
New Mexico,2014.0,547.0,2085567.0,27.3,0,NM
New Mexico,2015.0,501.0,2085109.0,25.3,0,NM
New York,1999.0,959.0,18882725.0,5.0,0,NY
New York,2000.0,767.0,18976457.0,4.0,0,NY
New York,2001.0,1079.0,19082838.0,5.6,0,NY
New York,2002.0,923.0,19137800.0,4.8,0,NY
New York,2003.0,964.0,19175939.0,5.0,0,NY
New York,2004.0,831.0,19171567.0,4.3,0,NY
New York,2005.0,944.0,19132610.0,4.8,0,NY
New York,2006.0,1680.0,19104631.0,8.6,0,NY
New York,2007.0,1708.0,19132335.0,8.7,0,NY
New York,2008.0,1691.0,19212436.0,8.5,0,NY
New York,2009.0,1592.0,19307066.0,8.0,0,NY
New York,2010.0,1557.0,19378102.0,7.8,0,NY
New York,2011.0,1948.0,19523202.0,9.6,0,NY
New York,2012.0,2106.0,19606981.0,10.4,0,NY
New York,2013.0,2309.0,19691032.0,11.3,0,NY
New York,2014.0,2300.0,19748858.0,11.3,0,NY
New York,2015.0,2754.0,19795791.0,13.6,0,NY
North Carolina,1999.0,366.0,7949361.0,4.6,0,NC
North Carolina,2000.0,491.0,8049313.0,6.0,0,NC
North Carolina,2001.0,551.0,8210122.0,6.7,0,NC
North Carolina,2002.0,647.0,8326201.0,7.7,0,NC
North Carolina,2003.0,762.0,8422501.0,9.0,0,NC
North Carolina,2004.0,854.0,8553152.0,9.9,0,NC
North Carolina,2005.0,1000.0,8705407.0,11.4,0,NC
North Carolina,2006.0,1059.0,8917270.0,11.8,0,NC
North Carolina,2007.0,1084.0,9118037.0,11.9,0,NC
North Carolina,2008.0,1196.0,9309449.0,12.8,0,NC
North Carolina,2009.0,1191.0,9449566.0,12.6,0,NC
North Carolina,2010.0,1093.0,9535483.0,11.4,0,NC
North Carolina,2011.0,1264.0,9651025.0,13.0,0,NC
North Carolina,2012.0,1298.0,9747021.0,13.3,0,NC
North Carolina,2013.0,1259.0,9845432.0,12.9,0,NC
North Carolina,2014.0,1358.0,9940387.0,13.8,0,NC
North Carolina,2015.0,1567.0,10042802.0,15.8,0,NC
North Dakota,1999.0,12.0,644259.0,1.8,1,ND
North Dakota,2000.0,14.0,642200.0,2.2,1,ND
North Dakota,2001.0,14.0,639062.0,2.3,1,ND
North Dakota,2002.0,17.0,638168.0,2.6,1,ND
North Dakota,2003.0,22.0,638817.0,3.5,0,ND
North Dakota,2004.0,17.0,644705.0,2.6,1,ND
North Dakota,2005.0,12.0,646089.0,1.8,1,ND
North Dakota,2006.0,14.0,649422.0,2.1,1,ND
North Dakota,2007.0,32.0,652822.0,4.8,0,ND
North Dakota,2008.0,46.0,657569.0,7.4,0,ND
North Dakota,2009.0,27.0,664968.0,4.4,0,ND
North Dakota,2010.0,23.0,672591.0,3.4,0,ND
North Dakota,2011.0,16.0,685326.0,2.0,1,ND
North Dakota,2012.0,21.0,702265.0,3.1,0,ND
North Dakota,2013.0,20.0,723626.0,2.8,0,ND
North Dakota,2014.0,43.0,740040.0,6.3,0,ND
North Dakota,2015.0,61.0,756927.0,8.6,0,ND
Ohio,1999.0,467.0,11335454.0,4.1,0,OH
Ohio,2000.0,563.0,11353140.0,5.0,0,OH
Ohio,2001.0,737.0,11387404.0,6.5,0,OH
Ohio,2002.0,931.0,11407889.0,8.2,0,OH
Ohio,2003.0,775.0,11434788.0,6.8,0,OH
Ohio,2004.0,1136.0,11452251.0,9.9,0,OH
Ohio,2005.0,1243.0,11463320.0,10.9,0,OH
Ohio,2006.0,1515.0,11481213.0,13.2,0,OH
Ohio,2007.0,1592.0,11500468.0,13.9,0,OH
Ohio,2008.0,1733.0,11515391.0,15.1,0,OH
Ohio,2009.0,1236.0,11528896.0,10.9,0,OH
Ohio,2010.0,1835.0,11536504.0,16.1,0,OH
Ohio,2011.0,2025.0,11545442.0,17.7,0,OH
Ohio,2012.0,2125.0,11551783.0,18.9,0,OH
Ohio,2013.0,2347.0,11572232.0,20.8,0,OH
Ohio,2014.0,2744.0,11596998.0,24.6,0,OH
Ohio,2015.0,3310.0,11613423.0,29.9,0,OH
Oklahoma,1999.0,178.0,3437147.0,5.3,0,OK
Oklahoma,2000.0,237.0,3450654.0,7.1,0,OK
Oklahoma,2001.0,269.0,3467100.0,8.0,0,OK
Oklahoma,2002.0,240.0,3489080.0,7.1,0,OK
Oklahoma,2003.0,400.0,3504892.0,11.8,0,OK
Oklahoma,2004.0,476.0,3525233.0,13.9,0,OK
Oklahoma,2005.0,478.0,3548597.0,13.9,0,OK
Oklahoma,2006.0,563.0,3594090.0,16.2,0,OK
Oklahoma,2007.0,666.0,3634349.0,18.8,0,OK
Oklahoma,2008.0,564.0,3668976.0,15.6,0,OK
Oklahoma,2009.0,756.0,3717572.0,20.6,0,OK
Oklahoma,2010.0,717.0,3751351.0,19.5,0,OK
Oklahoma,2011.0,703.0,3786626.0,18.9,0,OK
Oklahoma,2012.0,771.0,3817679.0,20.6,0,OK
Oklahoma,2013.0,790.0,3853405.0,20.6,0,OK
Oklahoma,2014.0,777.0,3879610.0,20.4,0,OK
Oklahoma,2015.0,725.0,3911338.0,19.0,0,OK
Oregon,1999.0,210.0,3393941.0,6.1,0,OR
Oregon,2000.0,208.0,3421399.0,6.0,0,OR
Oregon,2001.0,241.0,3467937.0,6.9,0,OR
Oregon,2002.0,318.0,3513424.0,8.9,0,OR
Oregon,2003.0,355.0,3547376.0,9.8,0,OR
Oregon,2004.0,365.0,3569463.0,10.0,0,OR
Oregon,2005.0,386.0,3613202.0,10.4,0,OR
Oregon,2006.0,485.0,3670883.0,12.9,0,OR
Oregon,2007.0,502.0,3722417.0,13.1,0,OR
Oregon,2008.0,452.0,3768748.0,11.8,0,OR
Oregon,2009.0,501.0,3808600.0,12.9,0,OR
Oregon,2010.0,503.0,3831074.0,12.9,0,OR
Oregon,2011.0,532.0,3868509.0,13.5,0,OR
Oregon,2012.0,490.0,3899444.0,12.5,0,OR
Oregon,2013.0,455.0,3928030.0,11.3,0,OR
Oregon,2014.0,522.0,3971202.0,12.8,0,OR
Oregon,2015.0,505.0,4028977.0,12.0,0,OR
Pennsylvania,1999.0,990.0,12263805.0,8.1,0,PA
Pennsylvania,2000.0,1147.0,12281054.0,9.5,0,PA
Pennsylvania,2001.0,958.0,12298970.0,7.9,0,PA
Pennsylvania,2002.0,1097.0,12331031.0,9.1,0,PA
Pennsylvania,2003.0,1381.0,12374658.0,11.4,0,PA
Pennsylvania,2004.0,1544.0,12410722.0,12.7,0,PA
Pennsylvania,2005.0,1613.0,12449990.0,13.2,0,PA
Pennsylvania,2006.0,1638.0,12510809.0,13.5,0,PA
Pennsylvania,2007.0,1733.0,12563937.0,13.9,0,PA
Pennsylvania,2008.0,1850.0,12612285.0,14.9,0,PA
Pennsylvania,2009.0,1909.0,12666858.0,15.3,0,PA
Pennsylvania,2010.0,1916.0,12702379.0,15.3,0,PA
Pennsylvania,2011.0,2289.0,12745202.0,18.3,0,PA
Pennsylvania,2012.0,2365.0,12772789.0,18.9,0,PA
Pennsylvania,2013.0,2426.0,12783536.0,19.4,0,PA
Pennsylvania,2014.0,2732.0,12793767.0,21.9,0,PA
Pennsylvania,2015.0,3264.0,12802503.0,26.3,0,PA
Rhode Island,1999.0,58.0,1040402.0,5.5,0,RI
Rhode Island,2000.0,74.0,1048319.0,7.0,0,RI
Rhode Island,2001.0,110.0,1057142.0,10.2,0,RI
Rhode Island,2002.0,99.0,1065995.0,9.4,0,RI
Rhode Island,2003.0,146.0,1071342.0,13.7,0,RI
Rhode Island,2004.0,106.0,1074579.0,9.8,0,RI
Rhode Island,2005.0,156.0,1067916.0,14.3,0,RI
Rhode Island,2006.0,175.0,1063096.0,16.4,0,RI
Rhode Island,2007.0,135.0,1057315.0,12.4,0,RI
Rhode Island,2008.0,185.0,1055003.0,17.3,0,RI
Rhode Island,2009.0,161.0,1053646.0,14.8,0,RI
Rhode Island,2010.0,167.0,1052567.0,15.5,0,RI
Rhode Island,2011.0,190.0,1051856.0,17.6,0,RI
Rhode Island,2012.0,196.0,1052393.0,18.2,0,RI
Rhode Island,2013.0,241.0,1052856.0,22.3,0,RI
Rhode Island,2014.0,247.0,1054907.0,23.3,0,RI
Rhode Island,2015.0,310.0,1056298.0,28.2,0,RI
South Carolina,1999.0,147.0,3974682.0,3.7,0,SC
South Carolina,2000.0,258.0,4012012.0,6.4,0,SC
South Carolina,2001.0,242.0,4064995.0,5.9,0,SC
South Carolina,2002.0,217.0,4107795.0,5.3,0,SC
South Carolina,2003.0,287.0,4150297.0,7.0,0,SC
South Carolina,2004.0,356.0,4210921.0,8.5,0,SC
South Carolina,2005.0,427.0,4270150.0,9.9,0,SC
South Carolina,2006.0,554.0,4357847.0,12.7,0,SC
South Carolina,2007.0,545.0,4444110.0,12.2,0,SC
South Carolina,2008.0,565.0,4528996.0,12.5,0,SC
South Carolina,2009.0,615.0,4589872.0,13.3,0,SC
South Carolina,2010.0,678.0,4625364.0,14.6,0,SC
South Carolina,2011.0,618.0,4672733.0,13.3,0,SC
South Carolina,2012.0,587.0,4721341.0,12.5,0,SC
South Carolina,2013.0,620.0,4768498.0,13.0,0,SC
South Carolina,2014.0,701.0,4829160.0,14.5,0,SC
South Carolina,2015.0,761.0,4896146.0,15.7,0,SC
South Dakota,1999.0,17.0,750412.0,2.4,1,SD
South Dakota,2000.0,20.0,754844.0,2.8,0,SD
South Dakota,2001.0,24.0,757972.0,3.2,0,SD
South Dakota,2002.0,22.0,760020.0,3.0,0,SD
South Dakota,2003.0,24.0,763729.0,3.3,0,SD
South Dakota,2004.0,43.0,770396.0,5.8,0,SD
South Dakota,2005.0,40.0,775493.0,5.5,0,SD
South Dakota,2006.0,37.0,783033.0,5.1,0,SD
South Dakota,2007.0,32.0,791623.0,4.1,0,SD
South Dakota,2008.0,54.0,799124.0,7.3,0,SD
South Dakota,2009.0,49.0,807067.0,6.7,0,SD
South Dakota,2010.0,45.0,814180.0,6.3,0,SD
South Dakota,2011.0,57.0,824289.0,7.1,0,SD
South Dakota,2012.0,42.0,834631.0,5.5,0,SD
South Dakota,2013.0,55.0,845270.0,6.9,0,SD
South Dakota,2014.0,63.0,853304.0,7.8,0,SD
South Dakota,2015.0,65.0,858469.0,8.4,0,SD
Tennessee,1999.0,344.0,5638706.0,6.0,0,TN
Tennessee,2000.0,397.0,5689283.0,6.9,0,TN
Tennessee,2001.0,424.0,5750789.0,7.3,0,TN
Tennessee,2002.0,491.0,5795918.0,8.4,0,TN
Tennessee,2003.0,662.0,5847812.0,11.3,0,TN
Tennessee,2004.0,763.0,5910809.0,12.8,0,TN
Tennessee,2005.0,872.0,5991057.0,14.5,0,TN
Tennessee,2006.0,975.0,6088766.0,16.0,0,TN
Tennessee,2007.0,985.0,6175727.0,15.8,0,TN
Tennessee,2008.0,938.0,6247411.0,14.8,0,TN
Tennessee,2009.0,962.0,6306019.0,15.1,0,TN
Tennessee,2010.0,1080.0,6346105.0,16.9,0,TN
Tennessee,2011.0,1090.0,6398408.0,17.2,0,TN
Tennessee,2012.0,1131.0,6455469.0,17.6,0,TN
Tennessee,2013.0,1187.0,6496130.0,18.1,0,TN
Tennessee,2014.0,1269.0,6547779.0,19.5,0,TN
Tennessee,2015.0,1457.0,6600299.0,22.2,0,TN
Texas,1999.0,1087.0,20558220.0,5.4,0,TX
Texas,2000.0,1021.0,20851820.0,5.0,0,TX
Texas,2001.0,1374.0,21319622.0,6.6,0,TX
Texas,2002.0,1598.0,21690325.0,7.5,0,TX
Texas,2003.0,1753.0,22030931.0,8.1,0,TX
Texas,2004.0,1813.0,22394023.0,8.2,0,TX
Texas,2005.0,1910.0,22778123.0,8.5,0,TX
Texas,2006.0,2191.0,23359580.0,9.5,0,TX
Texas,2007.0,2194.0,23831983.0,9.3,0,TX
Texas,2008.0,2053.0,24309039.0,8.6,0,TX
Texas,2009.0,2409.0,24801761.0,9.8,0,TX
Texas,2010.0,2399.0,25145561.0,9.6,0,TX
Texas,2011.0,2589.0,25654464.0,10.1,0,TX
Texas,2012.0,2447.0,26089741.0,9.4,0,TX
Texas,2013.0,2446.0,26500674.0,9.3,0,TX
Texas,2014.0,2601.0,26979078.0,9.7,0,TX
Texas,2015.0,2588.0,27469114.0,9.4,0,TX
Utah,1999.0,205.0,2203482.0,10.6,0,UT
Utah,2000.0,210.0,2233169.0,10.4,0,UT
Utah,2001.0,209.0,2283715.0,10.4,0,UT
Utah,2002.0,288.0,2324815.0,14.0,0,UT
Utah,2003.0,353.0,2360137.0,16.1,0,UT
Utah,2004.0,358.0,2401580.0,16.3,0,UT
Utah,2005.0,438.0,2457719.0,19.3,0,UT
Utah,2006.0,444.0,2525507.0,19.1,0,UT
Utah,2007.0,511.0,2597746.0,21.3,0,UT
Utah,2008.0,468.0,2663029.0,19.0,0,UT
Utah,2009.0,478.0,2723421.0,19.1,0,UT
Utah,2010.0,433.0,2763885.0,16.9,0,UT
Utah,2011.0,504.0,2816440.0,19.5,0,UT
Utah,2012.0,601.0,2856343.0,23.1,0,UT
Utah,2013.0,594.0,2903685.0,22.1,0,UT
Utah,2014.0,603.0,2944498.0,22.4,0,UT
Utah,2015.0,646.0,2995919.0,23.4,0,UT
Vermont,1999.0,29.0,604683.0,4.7,0,VT
Vermont,2000.0,36.0,608827.0,5.8,0,VT
Vermont,2001.0,44.0,612223.0,7.1,0,VT
Vermont,2002.0,47.0,615442.0,7.5,0,VT
Vermont,2003.0,65.0,617858.0,10.2,0,VT
Vermont,2004.0,50.0,619920.0,8.0,0,VT
Vermont,2005.0,53.0,621215.0,8.5,0,VT
Vermont,2006.0,75.0,622892.0,12.2,0,VT
Vermont,2007.0,66.0,623481.0,10.8,0,VT
Vermont,2008.0,73.0,624151.0,10.9,0,VT
Vermont,2009.0,55.0,624817.0,8.3,0,VT
Vermont,2010.0,63.0,625741.0,9.7,0,VT
Vermont,2011.0,83.0,626687.0,12.9,0,VT
Vermont,2012.0,70.0,626398.0,11.0,0,VT
Vermont,2013.0,93.0,627129.0,15.1,0,VT
Vermont,2014.0,83.0,626767.0,14.0,0,VT
Vermont,2015.0,99.0,626042.0,16.7,0,VT
Virginia,1999.0,366.0,7000174.0,5.1,0,VA
Virginia,2000.0,411.0,7078515.0,5.6,0,VA
Virginia,2001.0,459.0,7198362.0,6.2,0,VA
Virginia,2002.0,509.0,7286873.0,6.8,0,VA
Virginia,2003.0,547.0,7366977.0,7.2,0,VA
Virginia,2004.0,558.0,7475575.0,7.3,0,VA
Virginia,2005.0,581.0,7577105.0,7.5,0,VA
Virginia,2006.0,629.0,7673725.0,8.1,0,VA
Virginia,2007.0,700.0,7751000.0,8.9,0,VA
Virginia,2008.0,718.0,7833496.0,9.0,0,VA
Virginia,2009.0,685.0,7925937.0,8.5,0,VA
Virginia,2010.0,558.0,8001024.0,6.8,0,VA
Virginia,2011.0,798.0,8110783.0,9.7,0,VA
Virginia,2012.0,733.0,8193374.0,8.9,0,VA
Virginia,2013.0,854.0,8267875.0,10.2,0,VA
Virginia,2014.0,980.0,8328098.0,11.7,0,VA
Virginia,2015.0,1039.0,8382993.0,12.4,0,VA
Washington,1999.0,555.0,5842564.0,9.3,0,WA
Washington,2000.0,556.0,5894121.0,9.2,0,WA
Washington,2001.0,499.0,5985722.0,8.1,0,WA
Washington,2002.0,643.0,6052349.0,10.4,0,WA
Washington,2003.0,696.0,6104115.0,11.1,0,WA
Washington,2004.0,811.0,6178645.0,12.7,0,WA
Washington,2005.0,850.0,6257305.0,13.0,0,WA
Washington,2006.0,897.0,6370753.0,13.6,0,WA
Washington,2007.0,962.0,6461587.0,14.4,0,WA
Washington,2008.0,1011.0,6562231.0,14.8,0,WA
Washington,2009.0,987.0,6667426.0,14.3,0,WA
Washington,2010.0,916.0,6724540.0,13.1,0,WA
Washington,2011.0,997.0,6823229.0,14.1,0,WA
Washington,2012.0,985.0,6897292.0,13.7,0,WA
Washington,2013.0,969.0,6973281.0,13.4,0,WA
Washington,2014.0,979.0,7063166.0,13.3,0,WA
Washington,2015.0,1094.0,7170351.0,14.8,0,WA
West Virginia,1999.0,75.0,1811799.0,4.1,0,WV
West Virginia,2000.0,113.0,1808344.0,6.2,0,WV
West Virginia,2001.0,206.0,1801481.0,11.5,0,WV
West Virginia,2002.0,229.0,1805414.0,13.0,0,WV
West Virginia,2003.0,262.0,1812295.0,15.1,0,WV
West Virginia,2004.0,333.0,1816438.0,18.8,0,WV
West Virginia,2005.0,184.0,1820492.0,10.5,0,WV
West Virginia,2006.0,362.0,1827912.0,20.4,0,WV
West Virginia,2007.0,397.0,1834052.0,22.5,0,WV
West Virginia,2008.0,459.0,1840310.0,25.8,0,WV
West Virginia,2009.0,226.0,1847775.0,12.4,0,WV
West Virginia,2010.0,512.0,1852994.0,28.9,0,WV
West Virginia,2011.0,635.0,1854948.0,36.3,0,WV
West Virginia,2012.0,558.0,1856283.0,32.0,0,WV
West Virginia,2013.0,570.0,1852985.0,32.2,0,WV
West Virginia,2014.0,627.0,1848751.0,35.6,0,WV
West Virginia,2015.0,725.0,1844128.0,41.5,0,WV
Wisconsin,1999.0,212.0,5332666.0,4.0,0,WI
Wisconsin,2000.0,248.0,5363675.0,4.6,0,WI
Wisconsin,2001.0,269.0,5406835.0,4.9,0,WI
Wisconsin,2002.0,340.0,5445162.0,6.2,0,WI
Wisconsin,2003.0,383.0,5479203.0,7.0,0,WI
Wisconsin,2004.0,437.0,5514026.0,7.9,0,WI
Wisconsin,2005.0,518.0,5546166.0,9.3,0,WI
Wisconsin,2006.0,593.0,5577655.0,10.6,0,WI
Wisconsin,2007.0,622.0,5610775.0,11.1,0,WI
Wisconsin,2008.0,606.0,5640996.0,10.6,0,WI
Wisconsin,2009.0,631.0,5669264.0,10.9,0,WI
Wisconsin,2010.0,630.0,5686986.0,10.9,0,WI
Wisconsin,2011.0,698.0,5709720.0,12.1,0,WI
Wisconsin,2012.0,692.0,5726422.0,12.2,0,WI
Wisconsin,2013.0,856.0,5743653.0,15.0,0,WI
Wisconsin,2014.0,853.0,5759432.0,15.0,0,WI
Wisconsin,2015.0,878.0,5771337.0,15.5,0,WI
Wyoming,1999.0,20.0,491780.0,4.1,0,WY
Wyoming,2000.0,22.0,493782.0,4.6,0,WY
Wyoming,2001.0,22.0,494657.0,4.5,0,WY
Wyoming,2002.0,34.0,500017.0,6.9,0,WY
Wyoming,2003.0,30.0,503453.0,5.9,0,WY
Wyoming,2004.0,46.0,509106.0,9.1,0,WY
Wyoming,2005.0,26.0,514157.0,4.9,0,WY
Wyoming,2006.0,55.0,522667.0,10.6,0,WY
Wyoming,2007.0,63.0,534876.0,12.3,0,WY
Wyoming,2008.0,74.0,546043.0,14.1,0,WY
Wyoming,2009.0,60.0,559851.0,10.9,0,WY
Wyoming,2010.0,85.0,563626.0,15.0,0,WY
Wyoming,2011.0,85.0,567768.0,15.2,0,WY
Wyoming,2012.0,98.0,577080.0,16.8,0,WY
Wyoming,2013.0,98.0,583131.0,17.3,0,WY
Wyoming,2014.0,109.0,584304.0,19.4,0,WY
Wyoming,2015.0,96.0,586107.0,16.5,0,WY
